cell	arm	net	seed	job	dep
smk	t1	sn1	42	22436243	
smk	t1	rva1	42	22436244	
smk	sens	rva0	42	22436245	
smk	t1	v19	42	22436246	
smk	t1	fmsn1	42	22436247	
smk-lofor	train	all	42	22436249	
smk-t1c	train	all	42	22436250	
lofor	train	all	42	22436251	22436249
lofor	agent	thin	42	22436252	22436251
lofor	agent	dgr56	42	22436257	22436251
lofor	agent	sn1	42	22436258	22436251:22436243:22436244:22436245
lofor	agent	sn15	42	22436259	22436251:22436243:22436244:22436245
lofor	agent	rva0	42	22436260	22436251:22436243:22436244:22436245
lofor	agent	rva1	42	22436261	22436251:22436243:22436244:22436245
lofor	train	all	43	22436262	22436249
lofor	agent	thin	43	22436263	22436262
lofor	agent	dgr56	43	22436264	22436262
lofor	agent	sn1	43	22436266	22436262:22436243:22436244:22436245
lofor	agent	sn15	43	22436267	22436262:22436243:22436244:22436245
lofor	agent	rva0	43	22436268	22436262:22436243:22436244:22436245
lofor	agent	rva1	43	22436269	22436262:22436243:22436244:22436245
lofor	train	all	44	22436272	22436249
lofor	agent	thin	44	22436273	22436272
lofor	agent	dgr56	44	22436274	22436272
lofor	agent	sn1	44	22436275	22436272:22436243:22436244:22436245
lofor	agent	sn15	44	22436276	22436272:22436243:22436244:22436245
lofor	agent	rva0	44	22436277	22436272:22436243:22436244:22436245
lofor	agent	rva1	44	22436278	22436272:22436243:22436244:22436245
hfn	t1	sn1	42	22436279	22436243:22436244:22436245
hfn	sens	sn1	42	22436280	22436243:22436244:22436245
hfn	uniform	sn1	42	22436281	22436243:22436244:22436245
hfn	t1	sn15	42	22436282	22436243:22436244:22436245
hfn	sens	sn15	42	22436283	22436243:22436244:22436245
hfn	uniform	sn15	42	22436291	22436243:22436244:22436245
hfn	t1	rva0	42	22436292	22436243:22436244:22436245
hfn	sens	rva0	42	22436293	22436243:22436244:22436245
hfn	uniform	rva0	42	22436295	22436243:22436244:22436245
hfn	t1	rva1	42	22436296	22436243:22436244:22436245
hfn	sens	rva1	42	22436297	22436243:22436244:22436245
hfn	uniform	rva1	42	22436298	22436243:22436244:22436245
hfv	t1	v19	42	22436299	22436246:22436245
hfv	sens	v19	42	22436300	22436246:22436245
hfv	uniform	v19	42	22436301	22436246:22436245
hfv	t1	v16	42	22436302	22436246:22436245
hfv	sens	v16	42	22436303	22436246:22436245
hfv	uniform	v16	42	22436304	22436246:22436245
hfn	t1	sn1	43	22436305	22436243:22436244:22436245
hfn	sens	sn1	43	22436306	22436243:22436244:22436245
hfn	uniform	sn1	43	22436307	22436243:22436244:22436245
hfn	t1	sn15	43	22436308	22436243:22436244:22436245
hfn	sens	sn15	43	22436309	22436243:22436244:22436245
hfn	uniform	sn15	43	22436310	22436243:22436244:22436245
hfn	t1	rva0	43	22436311	22436243:22436244:22436245
hfn	sens	rva0	43	22436312	22436243:22436244:22436245
hfn	uniform	rva0	43	22436316	22436243:22436244:22436245
hfn	t1	rva1	43	22436317	22436243:22436244:22436245
hfn	sens	rva1	43	22436318	22436243:22436244:22436245
hfn	uniform	rva1	43	22436319	22436243:22436244:22436245
hfv	t1	v19	43	22436320	22436246:22436245
hfv	sens	v19	43	22436321	22436246:22436245
hfv	uniform	v19	43	22436322	22436246:22436245
hfv	t1	v16	43	22436323	22436246:22436245
hfv	sens	v16	43	22436324	22436246:22436245
hfv	uniform	v16	43	22436325	22436246:22436245
hfn	t1	sn1	44	22436326	22436243:22436244:22436245
hfn	sens	sn1	44	22436327	22436243:22436244:22436245
hfn	uniform	sn1	44	22436330	22436243:22436244:22436245
hfn	t1	sn15	44	22436331	22436243:22436244:22436245
hfn	sens	sn15	44	22436332	22436243:22436244:22436245
hfn	uniform	sn15	44	22436333	22436243:22436244:22436245
hfn	t1	rva0	44	22436334	22436243:22436244:22436245
hfn	sens	rva0	44	22436335	22436243:22436244:22436245
hfn	uniform	rva0	44	22436336	22436243:22436244:22436245
hfn	t1	rva1	44	22436337	22436243:22436244:22436245
hfn	sens	rva1	44	22436338	22436243:22436244:22436245
hfn	uniform	rva1	44	22436339	22436243:22436244:22436245
hfv	t1	v19	44	22436340	22436246:22436245
hfv	sens	v19	44	22436345	22436246:22436245
hfv	uniform	v19	44	22436346	22436246:22436245
hfv	t1	v16	44	22436347	22436246:22436245
hfv	sens	v16	44	22436348	22436246:22436245
hfv	uniform	v16	44	22436349	22436246:22436245
t1c	train	all	42	22436350	22436250
t1c	agent	thin	42	22436351	22436350
t1c	agent	dgr56	42	22436352	22436350
t1c	agent	sn1	42	22436353	22436350:22436243:22436244:22436245
t1c	agent	sn15	42	22436354	22436350:22436243:22436244:22436245
t1c	agent	rva0	42	22436355	22436350:22436243:22436244:22436245
t1c	agent	rva1	42	22436356	22436350:22436243:22436244:22436245
t1c	agent	v19	42	22436360	22436350:22436246:22436245
t1c	agent	v16	42	22436361	22436350:22436246:22436245
t1c	train	all	43	22436362	22436250
t1c	agent	thin	43	22436363	22436362
t1c	agent	dgr56	43	22436364	22436362
t1c	agent	sn1	43	22436365	22436362:22436243:22436244:22436245
t1c	agent	sn15	43	22436366	22436362:22436243:22436244:22436245
t1c	agent	rva0	43	22436367	22436362:22436243:22436244:22436245
t1c	agent	rva1	43	22436369	22436362:22436243:22436244:22436245
t1c	agent	v19	43	22436370	22436362:22436246:22436245
t1c	agent	v16	43	22436371	22436362:22436246:22436245
t1c	train	all	44	22436372	22436250
t1c	agent	thin	44	22436374	22436372
t1c	agent	dgr56	44	22436375	22436372
t1c	agent	sn1	44	22436376	22436372:22436243:22436244:22436245
t1c	agent	sn15	44	22436377	22436372:22436243:22436244:22436245
t1c	agent	rva0	44	22436378	22436372:22436243:22436244:22436245
t1c	agent	rva1	44	22436379	22436372:22436243:22436244:22436245
t1c	agent	v19	44	22436380	22436372:22436246:22436245
t1c	agent	v16	44	22436381	22436372:22436246:22436245
lofov	train	all	42	22436382	22436249
lofov	agent	v19	42	22436383	22436382:22436246:22436245
lofov	agent	v16	42	22436384	22436382:22436246:22436245
lofov	agent	sn1	42	22436385	22436382:22436243:22436244:22436245
lofov	agent	sn15	42	22436389	22436382:22436243:22436244:22436245
lofov	agent	rva0	42	22436390	22436382:22436243:22436244:22436245
lofov	agent	rva1	42	22436391	22436382:22436243:22436244:22436245
lofov	train	all	43	22436393	22436249
lofov	agent	v19	43	22436394	22436393:22436246:22436245
lofov	agent	v16	43	22436395	22436393:22436246:22436245
lofov	agent	sn1	43	22436396	22436393:22436243:22436244:22436245
lofov	agent	sn15	43	22436397	22436393:22436243:22436244:22436245
lofov	agent	rva0	43	22436398	22436393:22436243:22436244:22436245
lofov	agent	rva1	43	22436399	22436393:22436243:22436244:22436245
lofov	train	all	44	22436402	22436249
lofov	agent	v19	44	22436403	22436402:22436246:22436245
lofov	agent	v16	44	22436404	22436402:22436246:22436245
lofov	agent	sn1	44	22436405	22436402:22436243:22436244:22436245
lofov	agent	sn15	44	22436406	22436402:22436243:22436244:22436245
lofov	agent	rva0	44	22436407	22436402:22436243:22436244:22436245
lofov	agent	rva1	44	22436408	22436402:22436243:22436244:22436245
hffm	t1	fmsn1	42	22436409	22436247:22436245
hffm	sens	fmsn1	42	22436410	22436247:22436245
hffm	uniform	fmsn1	42	22436411	22436247:22436245
hffm	t1	fmrva0	42	22436412	22436247:22436245
hffm	sens	fmrva0	42	22436413	22436247:22436245
hffm	uniform	fmrva0	42	22436416	22436247:22436245
hffm	t1	fmsn1	43	22436417	22436247:22436245
hffm	sens	fmsn1	43	22436418	22436247:22436245
hffm	uniform	fmsn1	43	22436419	22436247:22436245
hffm	t1	fmrva0	43	22436420	22436247:22436245
hffm	sens	fmrva0	43	22436421	22436247:22436245
hffm	uniform	fmrva0	43	22436422	22436247:22436245
hffm	t1	fmsn1	44	22436423	22436247:22436245
hffm	sens	fmsn1	44	22436424	22436247:22436245
hffm	uniform	fmsn1	44	22436425	22436247:22436245
hffm	t1	fmrva0	44	22436426	22436247:22436245
hffm	sens	fmrva0	44	22436427	22436247:22436245
hffm	uniform	fmrva0	44	22436430	22436247:22436245
